{"Ontario": {"medians": {"confirmed": [29786.860738385432, 30255.63389186538, 30721.427352000137, 31189.45568078736, 31654.429730402677, 32120.04387228279, 32586.566782344795, 33053.003232990326, 33519.3532403025, 33985.61682036145, 34451.70262774089, 34916.642790143684, 35382.30361551246, 35846.29079720564, 36313.66727129325, 36782.14136592161, 37250.07812470415, 37717.20310586371, 38184.21508861345, 38651.61216593221, 39117.33262190336, 39581.66268187313, 40047.28214407386, 40513.237121265396, 40980.71690317706, 41446.20641824696, 41911.91373273999, 42379.142106589934], "deaths": [2747.943379014831, 2809.236442522743, 2870.7539001081714, 2932.409532887156, 2994.021969130783, 3055.8569000707957, 3117.461943390771, 3179.1836688534913, 3240.7541013644213, 3302.0419595571143, 3363.4806399698355, 3425.4549312868676, 3487.723604731961, 3549.9774606390115, 3611.8577024442457, 3673.682822585796, 3735.751703787236, 3797.1948547976426, 3859.144867607896, 3921.563673383106, 3983.728780411374, 4045.0864846151667, 4107.037980881634, 4168.5353463199735, 4231.346184702126, 4293.25333804882, 4355.175611655785, 4417.333936042172], "daily confirmed": [475.7666823121873, 459.80128683691566, 475.75945007990657, 460.71186310266285, 453.91942296433206, 459.5062802852721, 453.2344562440911, 469.11153156737885, 485.5602764559461, 462.0435933815104, 464.0892955269246, 466.61327796675835, 471.8218645213806, 448.4409952641491, 466.0607806572563, 464.34287944977433, 469.3608171088391, 468.542551965888, 463.3596088414241, 449.62666718964095, 462.72933403623097, 461.3035112847973, 466.2884936557829, 469.77715119668744, 463.2342936218725, 471.25418695106384, 467.42483700238415, 465.70431417085956], "daily deaths": [61.51010057595319, 62.25984245514991, 59.2368391108532, 61.27801511871684, 61.44013998983395, 60.83805244471607, 62.162585066099076, 61.18613224641782, 61.65922478387091, 60.85267891307145, 63.2600149287599, 62.36341434100267, 60.94161448012875, 63.639064177188345, 62.367339385792775, 61.644364506086085, 60.85110465835125, 61.37163051070928, 61.769410669060456, 61.36155285338807, 61.06476015783083, 60.989668130896625, 62.81623128577786, 60.60238934569236, 61.790269976648105, 62.4348883055064, 62.32252655258795, 59.966484051419556]}, "forecast_start": "2020-05-28T00:00:00", "T_future": 28}, "British Columbia": {"medians": {"confirmed": [2480.3226064665982, 2488.426975174581, 2496.1450722477784, 2507.5158208277003, 2514.476733532327, 2524.5194624512633, 2535.4078497924797, 2544.9187018964194, 2551.0273737466155, 2556.3367646169145, 2564.2596012910753, 2569.1498133887426, 2573.645021313047, 2578.3294905741172, 2586.238216449273, 2591.0700286267897, 2595.441657319751, 2600.4803973830576, 2605.0763018149128, 2610.0519622953793, 2616.6177982848894, 2620.1576472415877, 2623.6225028854133, 2628.0299952792025, 2631.572773755357, 2636.433377814359, 2639.907618873624, 2642.8480175546433], "deaths": [157.76423642727775, 158.984857344125, 160.2460719133723, 161.3373248367406, 162.50431213639544, 163.63780611103854, 164.74631520510275, 165.77602410490465, 166.66182948772084, 167.57423628077095, 168.4297483258588, 169.24100164301422, 169.91200786900077, 170.97820233318407, 171.7670180621824, 172.58869830570586, 173.3693175638808, 174.17967418191017, 174.90854369758875, 175.58398417498, 176.27859667494235, 176.9400819646013, 177.74892548984315, 178.37271603879068, 179.0066080268233, 179.5971438827003, 180.20318367310506, 180.79160827075373], "daily confirmed": [8.506128344440308, 7.995341693117764, 7.671019913332478, 7.252139977128593, 6.868201078152487, 6.728543386803837, 6.225234975204169, 6.113112399992723, 6.251044142059021, 5.642507766700471, 5.39739130009134, 5.116575932476016, 4.915064039518288, 4.401041896445367, 4.472025694592386, 4.447359234088724, 4.3243306859637425, 4.118596389459078, 3.9827950262818854, 3.436863202256694, 3.487255135021833, 3.358990318568264, 3.0786098651539247, 3.1738619219841535, 2.8305847771530632, 2.988066133985145, 2.659568668770366, 2.4862000464049645], "daily deaths": [1.1801650592657564, 1.1374149514908578, 1.0944072404410439, 1.0689820567942787, 1.0490045054976904, 0.986176974531294, 0.973243950846891, 0.9163414233740792, 0.9686863531127415, 0.9270826767824252, 0.9073307052609247, 0.8688395337431452, 0.824781410928813, 0.8079761405372655, 0.7828690073447613, 0.7357315111036253, 0.6935111407999215, 0.677376817932304, 0.6983136108637285, 0.6335489038586947, 0.6034796836897449, 0.5900663415068518, 0.5467719915665286, 0.5424997119653574, 0.5118867096507178, 0.49525917957023385, 0.5012196311360928, 0.4334828095600328]}, "forecast_start": "2020-05-28T00:00:00", "T_future": 28}}